<?xml version="1.0" encoding="UTF-8" standalone="yes"?>
<w:styles xmlns:r="http://schemas.openxmlformats.org/officeDocument/2006/relationships" xmlns:w="http://schemas.openxmlformats.org/wordprocessingml/2006/main"><w:docDefaults><w:rPrDefault><w:rPr><w:rFonts w:asciiTheme="minorHAnsi" w:eastAsiaTheme="minorHAnsi" w:hAnsiTheme="minorHAnsi" w:cstheme="minorBidi"/><w:sz w:val="24"/><w:szCs w:val="24"/><w:lang w:val="en-US" w:eastAsia="en-US" w:bidi="ar-SA"/></w:rPr></w:rPrDefault><w:pPrDefault><w:pPr><w:spacing w:after="200"/></w:pPr></w:pPrDefault></w:docDefaults><w:latentStyles w:defLockedState="0" w:defUIPriority="0" w:defSemiHidden="0" w:defUnhideWhenUsed="0" w:defQFormat="0" w:count="276"/><w:style w:type="paragraph" w:default="1" w:styleId="Normal"><w:name w:val="Normal"/><w:qFormat/><w:rsid w:val="000D33D5"/></w:style><w:style w:type="paragraph" w:styleId="Heading1"><w:name w:val="heading 1"/><w:basedOn w:val="Normal"/><w:next w:val="Normal"/><w:link w:val="Heading1Char"/><w:uiPriority w:val="9"/><w:qFormat/><w:rsid w:val="00E315A3"/><w:pPr><w:keepNext/><w:keepLines/><w:spacing w:before="480" w:after="0"/><w:outlineLvl w:val="0"/></w:pPr><w:rPr><w:rFonts w:asciiTheme="majorHAnsi" w:eastAsiaTheme="majorEastAsia" w:hAnsiTheme="majorHAnsi" w:cstheme="majorBidi"/><w:b/><w:bCs/><w:color w:val="345A8A" w:themeColor="accent1" w:themeShade="B5"/><w:sz w:val="32"/><w:szCs w:val="32"/></w:rPr></w:style><w:style w:type="paragraph" w:styleId="Heading2"><w:name w:val="heading 2"/><w:basedOn w:val="Normal"/><w:next w:val="Normal"/><w:link w:val="Heading2Char"/><w:uiPriority w:val="9"/><w:unhideWhenUsed/><w:qFormat/><w:rsid w:val="00E315A3"/><w:pPr><w:keepNext/><w:keepLines/><w:spacing w:before="200" w:after="0"/><w:outlineLvl w:val="1"/></w:pPr><w:rPr><w:rFonts w:asciiTheme="majorHAnsi" w:eastAsiaTheme="majorEastAsia" w:hAnsiTheme="majorHAnsi" w:cstheme="majorBidi"/><w:b/><w:bCs/><w:color w:val="4F81BD" w:themeColor="accent1"/><w:sz w:val="26"/><w:szCs w:val="26"/></w:rPr></w:style><w:style w:type="character" w:default="1" w:styleId="DefaultParagraphFont"><w:name w:val="Default Paragraph Font"/><w:semiHidden/><w:unhideWhenUsed/></w:style><w:style w:type="table" w:default="1" w:styleId="TableNormal"><w:name w:val="Normal Table"/><w:semiHidden/><w:unhideWhenUsed/><w:qFormat/><w:tblPr><w:tblInd w:w="0" w:type="dxa"/><w:tblCellMar><w:top w:w="0" w:type="dxa"/><w:left w:w="108" w:type="dxa"/><w:bottom w:w="0" w:type="dxa"/><w:right w:w="108" w:type="dxa"/></w:tblCellMar></w:tblPr></w:style><w:style w:type="numbering" w:default="1" w:styleId="NoList"><w:name w:val="No List"/><w:semiHidden/><w:unhideWhenUsed/></w:style><w:style w:type="table" w:styleId="ColorfulGrid-Accent1"><w:name w:val="Colorful Grid Accent 1"/><w:basedOn w:val="TableNormal"/><w:uiPriority w:val="73"/><w:rsid w:val="008D6863"/><w:pPr><w:spacing w:after="0"/></w:pPr><w:rPr><w:color w:val="000000" w:themeColor="text1"/><w:sz w:val="22"/><w:szCs w:val="22"/></w:rPr><w:tblPr><w:tblStyleRowBandSize w:val="1"/><w:tblStyleColBandSize w:val="1"/><w:tblInd w:w="0" w:type="dxa"/><w:tblBorders><w:insideH w:val="single" w:sz="4" w:space="0" w:color="FFFFFF" w:themeColor="background1"/></w:tblBorders><w:tblCellMar><w:top w:w="0" w:type="dxa"/><w:left w:w="108" w:type="dxa"/><w:bottom w:w="0" w:type="dxa"/><w:right w:w="108" w:type="dxa"/></w:tblCellMar></w:tblPr><w:tcPr><w:shd w:val="clear" w:color="auto" w:fill="DBE5F1" w:themeFill="accent1" w:themeFillTint="33"/></w:tcPr><w:tblStylePr w:type="firstRow"><w:rPr><w:b/><w:bCs/></w:rPr><w:tblPr/><w:tcPr><w:shd w:val="clear" w:color="auto" w:fill="B8CCE4" w:themeFill="accent1" w:themeFillTint="66"/></w:tcPr></w:tblStylePr><w:tblStylePr w:type="lastRow"><w:rPr><w:b/><w:bCs/><w:color w:val="000000" w:themeColor="text1"/></w:rPr><w:tblPr/><w:tcPr><w:shd w:val="clear" w:color="auto" w:fill="B8CCE4" w:themeFill="accent1" w:themeFillTint="66"/></w:tcPr></w:tblStylePr><w:tblStylePr w:type="firstCol"><w:rPr><w:color w:val="FFFFFF" w:themeColor="background1"/></w:rPr><w:tblPr/><w:tcPr><w:shd w:val="clear" w:color="auto" w:fill="365F91" w:themeFill="accent1" w:themeFillShade="BF"/></w:tcPr></w:tblStylePr><w:tblStylePr w:type="lastCol"><w:rPr><w:color w:val="FFFFFF" w:themeColor="background1"/></w:rPr><w:tblPr/><w:tcPr><w:shd w:val="clear" w:color="auto" w:fill="365F91" w:themeFill="accent1" w:themeFillShade="BF"/></w:tcPr></w:tblStylePr><w:tblStylePr w:type="band1Vert"><w:tblPr/><w:tcPr><w:shd w:val="clear" w:color="auto" w:fill="A7BFDE" w:themeFill="accent1" w:themeFillTint="7F"/></w:tcPr></w:tblStylePr><w:tblStylePr w:type="band1Horz"><w:tblPr/><w:tcPr><w:shd w:val="clear" w:color="auto" w:fill="A7BFDE" w:themeFill="accent1" w:themeFillTint="7F"/></w:tcPr></w:tblStylePr></w:style><w:style w:type="character" w:customStyle="1" w:styleId="Heading1Char"><w:name w:val="Heading 1 Char"/><w:basedOn w:val="DefaultParagraphFont"/><w:link w:val="Heading1"/><w:uiPriority w:val="9"/><w:rsid w:val="00E315A3"/><w:rPr><w:rFonts w:asciiTheme="majorHAnsi" w:eastAsiaTheme="majorEastAsia" w:hAnsiTheme="majorHAnsi" w:cstheme="majorBidi"/><w:b/><w:bCs/><w:color w:val="345A8A" w:themeColor="accent1" w:themeShade="B5"/><w:sz w:val="32"/><w:szCs w:val="32"/></w:rPr></w:style><w:style w:type="character" w:customStyle="1" w:styleId="Heading2Char"><w:name w:val="Heading 2 Char"/><w:basedOn w:val="DefaultParagraphFont"/><w:link w:val="Heading2"/><w:uiPriority w:val="9"/><w:rsid w:val="00E315A3"/><w:rPr><w:rFonts w:asciiTheme="majorHAnsi" w:eastAsiaTheme="majorEastAsia" w:hAnsiTheme="majorHAnsi" w:cstheme="majorBidi"/><w:b/><w:bCs/><w:color w:val="4F81BD" w:themeColor="accent1"/><w:sz w:val="26"/><w:szCs w:val="26"/></w:rPr></w:style><w:style w:type="paragraph" w:styleId="ListBullet"><w:name w:val="List Bullet"/><w:basedOn w:val="Normal"/><w:rsid w:val="00784D58"/><w:pPr><w:numPr><w:numId w:val="8"/></w:numPr><w:contextualSpacing/></w:pPr></w:style><w:style w:type="paragraph" w:styleId="ListNumber"><w:name w:val="List Number"/><w:basedOn w:val="Normal"/><w:rsid w:val="00784D58"/><w:pPr><w:numPr><w:numId w:val="13"/></w:numPr><w:contextualSpacing/></w:pPr></w:style><w:style w:type="paragraph" w:styleId="BodyText"><w:name w:val="Body Text"/><w:basedOn w:val="Normal"/><w:link w:val="BodyTextChar"/><w:rsid w:val="00BC48D5"/><w:pPr><w:spacing w:after="120"/></w:pPr></w:style><w:style w:type="character" w:customStyle="1" w:styleId="BodyTextChar"><w:name w:val="Body Text Char"/><w:basedOn w:val="DefaultParagraphFont"/><w:link w:val="BodyText"/><w:rsid w:val="00BC48D5"/></w:style></w:styles>